Component,Explained Variance Ratio,Cumulative Explained Variance
PC1,0.4395196085629405,0.4395196085629405
PC2,0.07822119356882154,0.517740802131762
PC3,0.06802866274013716,0.5857694648718992
PC4,0.05815199218551692,0.6439214570574161
PC5,0.05629412941643906,0.7002155864738552
PC6,0.051573345092406714,0.7517889315662619
PC7,0.05031717021030966,0.8021061017765716
PC8,0.04884759645695272,0.8509536982335243
PC9,0.04753872797071523,0.8984924262042395
PC10,0.02306143203423319,0.9215538582384727
